product_title,positive_rate
1001 Perfumes: The Guide,0.8
"10ML Bling Perfume Spray Bottle, Rhinestone Travel Refillable Perfume Atomizer Bottle Bling Portable Mini Perfume Spray Dispensers. (Silver)",0.7142857142857143
"12, Amber, 2 oz Glass Bottles, with Black Fine Mist Sprayers",0.5959595959595959
25ml Vintage Purple Butterfly Perfume Bottle Lady Essential Reusable Oil Bottle Decoration,0.6451612903225806
"2PCS Perfume Travel Refillable Bottle, Bottom-Filling Fragrances Perfume Atomizer, Empty Mini Cologne Dispenser, Portable Sprayer Pocket Size for On the Go 5ml (Black & Gray)",1.0
"2Pcs Pheromones Perfumes for Women, Ferromont Perfume for Women, Vegan Cruelty-Free Travel Perfume, Long Lasting Roll on Pheromone Perfume to Attract Men",0.625
"3 Drawers Bathroom Counter Organizer - 5 Tier Makeup Organizer, Versatile Perfume Organizer, Ideal for Bathroom Storage, Vanity, Large Skincare, Perfume, Present, Clear",0.8255813953488372
"3 Pcs Empty Perfume Spray Bottles, 50 ml/1.69 oz Glass Perfume Bottle, Transparent Perfume Atomizer, Reusable Perfume Dispenser, Thickened Perfume Container for Home Travel",1.0
"3-Tier Large Capacity Makeup Organizer Countertop with Drawer, 10"" Tall Storage Cabinet for Perfume, Cosmetic, Skincare and More, Bathroom Organizer Countertop is an Ideal Present for Her, Beige",1.0
"35 Pcs Refillable Perfume Atomizers - 0.17 oz 5 ml Mini Spray Bottles, Empty Perfume Travel Bottles with Refill Pumps, Leak-Proof Dispenser Bottles, Portable Perfume Scent Bottles for Men Women",1.0
360° Rotating Makeup Organizer for Vanity - 3 Tier Perfume Organizer with Large Capacity - Skincare Organizer for Bathroom Counter - Space-Saving Cosmetic Storage for Dresser Countertop (Clear),0.9375
"3Pcs Lunex Phero Perfume, Verola Perfume for Women, Women Pheromone Perfume, Specially Designed For Women, Portable Perfume Long Lasting Female, Roll On Perfume Phero Oil.",0.43434343434343436
"4 Tier Acrylic Perfume Organizer Stand, Clear Display Risers for Perfume, Cologne, Cosmetic, Skincare, Funko POP, Dessert Display, Cupcake Stand Holder",0.7142857142857143
4711 by Muelhens Original Eau de Cologne 13.5 fl oz (400 ml),0.83
"4pcs Mini Perfume Travel Bottle, Perfume Atomiser Refillable, 5ML Spray Bottles, Portable for Travel Holiday Women Man",0.23529411764705882
"5PCS 10ML Travel Size Perfume Refill Bottle, Travel Cologne Bottle Refillable, Mini Perfume Spray Bottles Portable Cologne Sprayer Fragrance Atomizer Traveling, Small Glass Fragrance Decanter Kit",0.9090909090909091
"5ml Perfume Atomizer Travel Refillable,Bottom-Filling Fragrances Perfumes Bottle,Mini Cologne Dispenser, Portable Sprayer Pocket Size for Women Men Cruise Car Trip Gift 0.34oz (Black & Gold & Green)",0.6666666666666666
"5ml Perfume Atomizer Travel Refillable,Mini Cologne Dispenser, Bottom-Filling Fragrances Perfumes Bottle,Portable Sprayer Pocket Size for Women Men Cruise Car Trip Gift 2pcs (black-grey)",0.9166666666666666
"5ml Perfume Atomizer Travel Refillable,Mini Cologne Dispenser, Bottom-Filling Fragrances Perfumes Bottle,Portable Sprayer Pocket Size for Women Men Cruise Car Trip Gift 3pcs (Black-Grey-Blue)",0.76
"70 Pieces Perfume Travel Refillable Atomizers Bulk Mini Atomizer Sprayer with 70 Pieces Perfume Refill Pump Dispenser Pump Transfer Tool (5 Ml,10 ml)",0.6
"8ml Travel Perfume Atomizer Refillable, 3pcs Square Cologne Bottle Refillable, Travel Size Empty Spray Bottles Perfume Atomizer,Refill Pump Case for Traveling and Outgoing",1.0
"9 Inch Acrylic Shelf for Perfume Organizer, 4 Tier Funko POP Shelves, Cologne Organizer Tiered Riser Display Stand, Acrylic Display for Decoration",0.86
A La Maison Coconut Aluminum Free Deodorant for Women and Men - Natural Deodorant,0.75
"ATAZUA Pheromone Cologne for Men, Seductive Long-Lasting Perfume for Men Attract Women, Show Your Handsome Charm, 50 ml",1.0
"ATTITUDE Baking Soda Free Deodorant for Sensitive Skin with Oatmeal and Argan Oil, EWG Verified, Aluminum Free, Plastic-Free, 3 Ounces",0.4444444444444444
"AXE Antiperspirant Deodorant for Men Phoenix 4PK 48H Sweat & Odor Protection for Long Lasting Freshness, Crushed Mint & Rosemary Men's Deodorant 2.7 oz",0.75
"Acrylic Riser,Clear Display Risers Stand Perfume Organizer Cologne Acrylic Shelves 3 Tiered Cupcake Shelf for Amiibo Funko POP Figures Food Desserts Holder Collection Cosmetic Vendor Product",0.6818181818181818
"Afnan 9 PM For Men Eau De Parfum, 3.4 Fl. Oz",0.8
"Ahura New York Herbal Rose Eau de Parfum Solid Perfume Balm for Women, Natural, No Chemicals, Alcohol-Free, Spill-Free, Travel-Friendly, Cruelty-Free, Handmade, Women's Perfume (2 oz)",0.88
"Al Haramain Oyuny 20ml Concentrated Perfume Oil for Unisex - Arabian Perfume for Women and Men - Long Lasting Floral Fragrance with Notes of Bergamot, Rose, Patchouli, Pineapple - Arabic Perfume",0.8888888888888888
"Al Rehab Choco Musk Eau De Parfum Spray for Women, 1.65 Ounce",0.81
"Al-Rehab Choco Musk Concentrated Perfume Rollerball for Unisex, 0.2 Ounce",0.9
Amber Cream 200ml,0.0
"Ard Al Zaafaran Turab Al Dhahab Eau De Parfum Spray for Women, 3.4 Ounce",0.72
Armaf Odyssey - Mandarinsky Limited Edition for Men - 3.4 oz EDP Spray,0.77
BIOSSANCE Squalane + Antioxidant Cleansing Oil,0.62
"Barrel and Oak - Aluminum-Free Deodorant, Deodorant for Men, Essential Oil-Based Scent, 24-Hour Odor Protection, Cedar & Patchouli Blend, Gentle on Sensitive Skin, No Stains (Mountain Sage, 2.7 oz)",0.2413793103448276
"Benetton Hot Eau de Toilette Spray for Women, 3.3 oz",0.5862068965517241
"Bioll 10ml (1/3 oz) glass bottle. Essential oil bottle with lid. For Perfume, Aromatherapy, Lab Refillable Sample Vials - 24 Pack (Amber)",1.0
"Body Spray for Women, Hair & Body Fragrance Mist, Long Lasting Perfume Spray, Travel Size Womens Fragrance Body Spray, Various Scents",0.6842105263157895
"Britney Spears Curious, Eau De Parfum EDP Spray for Women, 3.3 Fl Oz",0.82
"Britney Spears Jungle Fantasy Limited Edition Eau De Toilette Spray for Women, 3.3 Fl Oz",0.7738095238095238
"Britney Spears Women's Perfume, Fantasy, Eau De Parfum EDP Spray for Women, 3.3 Fl Oz",0.74
Bulgarian Rose Perfume Roll-On with Natural Rose Oil - Alcohol Free- Natural Rose Aromatic Fragrance - Unisex Rose Perfume - Perfect for Everyone - 9ml,0.6578947368421053
Byredo Blanche by Byredo Vial (sample) .06 oz,0.7105263157894737
"Byredo Gypsy Water Edp Spray for Unisex, 100 ML / 3.3 FL.OZ",0.671875
"Calvin Klein Eternity Men's Deodorant Spray– With Notes of Mandarin, Sage, Cedarwood & Amber – 5.3 fl oz.",0.72
Carpe Clinical Strength Deodorant + Clinical Antiperspirant - Clinical Grade Solid Stick - Fresh Linen Scent - Combat Excessive Underarm Sweating - Great for Hyperhidrosis,0.5
"Carpe Underarm Antiperspirant and Deodorant, Clinical strength antiperspirant with all-natural eucalyptus scent, Combat excessive sweating and stay fresh. Great for hyperhidrosis (Pack of 3)",0.66
"Carpe Underarm Antiperspirant and Deodorant, Pack of 3-WITH 3 FREE ON-THE-GO WIPES!",0.49
Chanel No. 5 by Chanel for Women 0.05 oz Eau de Parfum Sampler Vial Spray,0.54
"Chloe Love Story Eau de Parfum Spray for Women, 1.7 Ounce",0.875
Chloe Rose Naturelle Intense for Women - 1.6 oz EDP Spray,1.0
"Choco Musk Eau de Parfum Spray for Women, 1.7 Ounce",0.88
"Cologne Organizer for Men - 4 Tier Walnut Black Wooden Cologne Display Stand with Drawer and Hidden Compartment, Mens Cologne Holder Shelf for Organizing and Storing, Walnut Black",0.6875
"Cologne Organizer for Men, 5 Tier White Cologne Shelf, Perfume Stand with Drawer and Hidden Compartment Perfume Display Holder - A Gift for Men",0.9285714285714286
"Croc Classic Silver Titanium Flat Iron Hair Straightener, 1.5 Inch",0.71
"DEMETER Coconut Perfume Oil Roll on, .33 oz, Long-Lasting",0.15384615384615385
"DIBALA Enhanced Scent Pheromone Perfume for Women, Long Lasting Natural Roll On Perfume Oil, Travel Size 10ml (0.34 fl oz)",1.0
DIY Sensual Perfume Making Kit| Aromatic Ingredients| Perfumery Solvent| Spray Bottle & Guided Formulations to Create Custom Luxury Eau De Parfum for Women| Perfect Scented Gift,0.0
"Daisy By Marc Jacobs for Women Eau De Toilette Spray, 1.7 Fl Oz",0.86
"Derm Dude Happy Sack Ball Deodorant & Anti Chafing Cream for Men | Formulated With All-Natural DeoPlex for Odor Control | Aluminum Free Nut Love Cooling Cream - Candy Cane Scent, 2 oz (1 Pack)",0.76
"Derm Dude Happy Sack Ball Deodorant & Anti Chafing Cream for Men | Formulated With All-Natural DeoPlex for Odor Control | Aluminum Free Nut Love Cooling Cream - Coconut Rush Scent, 2 oz (1 Pack)",0.76
Dior Miss Blooming Bouquet Perfume Women Mini EDT Splash 0.17 Ounce,0.7209302325581395
"Donna Karan Cashmere Mist Aluminum Free Deodorant Stick For Women, 100% Aluminum & Alcohol Free, 1.7 Oz.",0.6
ECO ROOTS Natural Deodorant for Women & Men | Organic Deodorant Cream Non Aluminum | Baking Soda Free Healthy Deoderant for Body & Private Parts | All Vegan Pit Paste Zero Sweat | Coconut Scent,0.81
ECO ROOTS Natural Deodorant for Women & Men | Organic Deodorant Cream Non Aluminum | Baking Soda Free Healthy Deoderant for Body & Private Parts | All Vegan Pit Paste Zero Sweat |Lavender Scent,0.81
"ENVIRONMENT Inspired by Designer Perfume DYPT Baies 10ml Roll-on Perfume (Baies | Currants | Quince) Body Oil Fragrance, Roll On Oil, Body Fragrance for Women & Men, Luxury Scent, Vegan & Cruelty-Free",1.0
"ENVIRONMENT Inspired by Designer Perfume DYPT Hand Soap, 300ml Luxury Liquid Hand Soap (Baies | Currants | Quince) Home Essentials, Kitchen & Bathroom Hand Soap, Hand Wash, Vegan & Cruelty-Free",0.75
"Eau de Noir Underwear Perfume, 0.169 fl oz (5 ml)",0.3333333333333333
El perfume: Historia de un asesino (Spanish Edition),0.48484848484848486
Elixir: A Parisian Perfume House and the Quest for the Secret of Life,1.0
"Emper Intimation, for men - 100ml/3.3ONZ",0.46296296296296297
"Empty Frosted Glass Spray Bottle 3.4oz, Perfume Atomizer, Fine Mist Spray (2 PACK)",0.75
"Enhanced Scents Pheromone Perfume, Venom Pheromone Perfume for Women, The Original Scent Perfume (2Pcs)",0.4020618556701031
Essence and Alchemy: A Natural History of Perfume,0.8571428571428571
Fantasy/Britney Spears Depp Spray 3.3 Oz (W),0.82
"Foellie] eau de venus- Feminine Inner Beauty Perfume for Underwear Attractive Scents Fragrance, 5ml/0.169 fl.oz",1.0
"Freedom Whole Body Deodorant Wipes for Women with 24-Hour Odor Protection - Aluminum Free Coconut Vanilla Deodorant Wipes Individually Wrapped Ideal for Hospitals, Gym, Camping & Hiking (Pack 1)",1.0
Geir Ness NORSK SNØ Hand & Body Cream - Dry Skin Lotion - Single Use Deep Moisturizer with Essential Oils,0.8
"Geologie Big Sur Natural Deodorant | Eucalyptus Scent for Men & Women | Sensitive Skin Safe | Aluminum-Free, Baking Soda-Free, Dermatologist Tested, Vegan, Sulfate-Free, Paraben-Free | (2.6 oz)",0.6307692307692307
Gloria Vanderbilt for Women - 100ml EDT Spray,0.78
"Gucci Bloom for Women Eau De Parfum Spray, 1.6 Oz",0.8080808080808081
Gucci Guilty for Men 3.0 oz Eau de Parfum Spray,0.86
Gucci Intense Oud by Gucci 3.0 oz Eau de Parfum Spray,0.7407407407407407
"Guerlain Shalimar Eau De Parfum Spray for Women, 3 Ounce",0.78
"HERBIVORE Nova Brightening Serum for Face – 15% Vitamin C + Turmeric to Visibly Improve the Look of Dark Spots and Even Skin Tone, Plant-based, Vegan, Cruelty-free, 30mL /1 oz",0.7384615384615385
"Hair Perfume for Women Vanilla Pheromone, Hair & Body Shine Spray Nourishing and Hydrating Mist Fragrance, Eau Parfum Long Lasting & Add Shine Portable, Light Perfume, 30 ml",0.5609756097560976
"Hair Perfume for Women, Pheromone Perfume Essential Oil for Hair, Premium Pure & Long-Lasting Fresh Scents",0.3333333333333333
"Hair Perfume, Hair Essential Oil Perfume for Women, Pheromone Fragrance for Dry Damaged Hair, Hair Mist with Anti Frizz Nourishing, Premium and Long-lasting Scent",1.0
"Hair Perfume, Pheromone Perfume for Women, Hair & Body Fragrance Essential Oil Odors Remove & Nourishing, Honey Infused Coconut Chamomile Portable Hydrating and Shine Spray, Light Perfume, 1.69 fl.oz",0.625
"Hair Perfume,A Delicate Hair Florals Fragrance with Pro-Vitamin B5 Essence Leave-In Nourishes and Moisturizes Hair Shine Spray (2.5 fl oz, Floral)",0.8350515463917526
"Hawthorne Mens Natural Stain-Free Deodorant, Aluminum-Free Clear Formula to Prevent Body Odor and Absorb Sweat with Witch Hazel, Nettle Leaf, Mint & Eucalyptus Scent, Under Arm Odor Protection, 2.6 oz",0.42857142857142855
"Hermes Eau d'Orange Verte Unisex Eau De Cologne Spray, 6.7 Ounce",0.6056338028169014
"Homecourt Room Deodorant, Natural Room Spray, Fine Fragrance of Apple & Jasmine, For Kitchen, Bathroom & more, Clean Formula, Neroli Leaf, 3.4 oz",0.5
"Homemade Perfume: Create Exquisite, Naturally Scented Products to Fill Your Life with Botanical Aromas",0.8780487804878049
"Honeydak 16 Pcs 8 ml Atomizer Perfume Spray Bottle for Travel Refillable Mini Empty Cologne Dispenser, Portable Sprayer with Independent Storage Bag",0.875
"How to Make Perfume at Home: DIY Scents for Perfume, Cologne, Deodorant, Beauty Balm, Essential Oils, Body Splash - Includes 14 Unique Aromatherapy Recipes",0.9
How to Make Perfume with Essential Oils: The Beginner Guide to Crafting Your Homemade Fragrances,0.5
"How to Make Perfume, Cologne and Eau de toilette",0.5
"Huron Aluminum-Free Deodorant for Men - Clean & Woody Scent of Sandalwood, Black Pepper, Cedarwood, & Amber - Neutralizes Odor for All-Day Protection - Non-Irritating - 3 Oz",0.6382978723404256
In Search of Perfumes: A Lifetime Journey to the Source of Nature's Scents,1.0
JAFRA Tender Moments Fresh Baby Cologne,0.78
"Jaguar Classic Black, 3.40 Ounce",0.8
Jitterbug Perfume: A Novel,0.87
Jo Malone Lime Basil Mandarin by Jo Malone for Unisex - 3.4 oz Cologne Spray ( Pack May Vary ),0.684931506849315
"Jo Malone Wood Sage & Sea Salt Cologne Spray for Women, 1 Ounce",0.69
"KHADLAJ PERFUMES Hareem Al Sultan Gold Concentrated Perfume Oil for Unisex, 1.18 Ounce",0.86
Khamrah | Eau De Parfum 100ml | Maison Alhambra,0.78
Kuumba Made Vanilla Bean Fragrance Oil 0.5 fl oz (15ml) | Alcohol Free,0.74
Kuumba Made Vanilla Bean Fragrance Oil Roll-On 0.125 fl oz (3.7ml) | Rollerball Perfume | Alcohol Free,0.9
"L'OCCITANE Roll-On Aluminum Free Deodorant, 1.6 Fl. Oz: Reduce Body Odor, Fresh Lavender Scent, Refreshing Verbena, Without Alcohol and Aluminum Salts, Made in France",0.72
"L'OCCITANE Solid Stick Aluminum Free Deodorant: Reduce Body Odor, Alcohol-Free, Dries Quickly, Made in France, Fresh Cyper and Lavender Scent, Woody Aroma, Refreshing Verbena",0.72
"L'OCCITANE The Incredible Deodorant Recipe, Aluminum Free Deodorant, 1.7 oz.",0.5681818181818182
L'Occitane Eau De Cedrat Stick Deodorant 2.60 oz,0.6506024096385542
"LISAPACK 8ML Atomizer Perfume Spray Bottle for Travel (3 PCS) Empty Cologne Dispenser, Portable Sprayer (Black)",0.75
LISAPACK Perfume Travel Refillable Bottle: Atomizer Cologne Spray for Men Portable - Mini Sprayer Empty for Refill - Small Size Black 8ML Striped,0.7733333333333333
"Lallisa 100 Pcs Mini Spray Bottles Clear Glass Perfume Bottles Refillable Fine Mist Spray Empty Fragrance Sample Containers Cosmetics Atomizer for Cleaning, travel, essential Oils(3ml)",0.6111111111111112
"Lancôme La Vie Est Belle Eau de Parfum - Long Lasting Fragrance with Notes of Iris, Earthy Patchouli, Warm Vanilla & Spun Sugar - Floral & Sweet Women's Perfume",0.8383838383838383
Lattafa 4 Piece Set Eau De Parfum Spray for Women (3.4 Ounce Yara + 3.4 Ounce Yara Moi + 3.4 Ounce Yara Tous + 3.4 Ounce Yara Candy),0.8
"Lattafa Asad Bourbon for Unisex Eau de Parfum Spray, 3.4 Ounce / 100 ml",0.83
"Lattafa Bade'e Al Oud Sublime - Tropical, Fruity, Fresh, Vanilla - Eau de Parfum Long-Lasting Fragrance for Unisex, 3.40 Ounce / 100 ml",0.75
"Lattafa Khamrah - Vanilla, Warm Spicy, Amber, Cinnamon - Eau de Parfum Long-Lasting Fragrance for Unisex, 3.40 Ounce / 100 ml",0.9
"Lattafa Perfumes Asad for Unisex Eau de Parfum Spray, 3.4 Ounce",0.8282828282828283
"Le Monde Gourmand Lait de Coco Perfume Oil - 1 fl oz (30ml) - Fresh, Creamy, Clean with Vanilla and Coconut Fragrance Notes",0.6767676767676768
"Lifewit 4 Tier Clear Display Risers Stand, 12 Inch Plastic Risers for Display, Plastic Organizers for Figures, Cupcake, Perfume, Dessert, Desktop Display Stand for Organize and Decoration, 1pack",0.7959183673469388
"Lifewit Plastic 12 Inch Dark Cologne Stand, Step Perfume Organizer,Versatile Display Stand Shelf for Fragrance, Skincare, Figurine, Dessert, Use for Vanity, Tabletop, Cabinet,1 Set",0.7708333333333334
Loewe Esencia De for Men - 3.4 oz EDT Spray,1.0
"Long Lasting Pheromones Perfumes for Women – Enhanced Scents Pheromone Perfume for Her – Oil Roll-On Perfume– Subtle, Alluring Cologne for Women(Pack of 2)",0.5238095238095238
"Love Struck Eau De Parfum Spray for Women by Vera Wang, 3.4 Ounce",0.87
"MARC JACOBS Daisy Love Eau de Toilette Spray, 1.7-oz.",0.797979797979798
MOBETTER FRAGRANCE OILS Powder Fresh Scent Perfume Fragrance Body Oil Unisex,0.83
MUB 10ml Perfume Travel Refillable Atomizer Bottle Portable Glass Top-Filling Leak-Proof Spray Bottle Atomizer Sprayer for Perfume Mini Pocket Empty Cologne for Travel Outgoing,0.6829268292682927
"MUB Perfume Refill Pump Tools, Perfume Dispenser with Adapter Tools for Perfumes Transfer to empty bottles, Include 2 Syringe for Replacement",0.35
Maison Louis Marie - No.04 Bois de Balincourt Natural Roll-On Perfume Oil Sample | Luxury Clean Beauty + Non-Toxic Fragrance (0.1 fl oz | 3 ml),0.77
"Malin + Goetz Deodorant - Men & Women's Stick Deodorant, Scented Deodorant for All Skin Types, Natural Fragrance & Color, Aluminum Free Natural Deodorant",0.52
"Manual long base desktop perfume bottle capper and capping tool machine, perfume sprayer sealer tool for 13-15MM（long base WN011）",0.4
"Marc Jacobs Perfect Eau de Parfum for Women Mini Splash, 0.16 Ounce",0.7216494845360825
Marc Jacobs Perfect Women 3.3 oz EDP Spray,0.8367346938775511
Moroccanoil Shower Gel Body Wash,0.75
"Mugler Alien - Eau de Parfum - Women's Perfume - Floral & Woody - With Jasmine, Wood, and Amber - Long Lasting Fragrance",0.77
"Mugler Alien Goddess - Eau de Parfum - Women's Perfume - Floral & Woody - With Bergamot, Jasmine, and Vanilla - Long Lasting Fragrance",0.73
N5 Chanel Timeless Fragrance,0.5333333333333333
"Narciso Rodriguez BPI-007 For Her EDP Spray,3.3 Fl Oz (Pack of 1)",0.7878787878787878
Natural Moisturizes Whole Body Deodorant -Women & Men's Deodorant 48H Protection Aluminum-Free Vegan Deodorant No Stain Formula Organic Deodorant 2.65 0z (Coconut and Vanilla),0.8611111111111112
"Nemat Amber Perfume Oil, 10 ML",0.78
"No Nothing Sensitive Moisture Treatment - Perfume-free, Moisturising Intensive Treatment - For Dry and Damaged Hair | 100% Vegan | 150 ml (New Packaging)",0.5660377358490566
"ONKO Cologne Stand for Men,Fragrance Display Stand for Men,Black Cologne Storage Shelf,4-Tier of Elevated Perfume Holder with Drawer,Wooden Fragrance and Watch Shelf Organizer,Room Decor Accessories",0.8888888888888888
"Old Spice GentleMan's Aluminum Free Dry Feel Deodorant for Men, 24/7 Lasting Freshness, Gentle on Skin with Skin Conditioners, Himalayan Sea Salt + Glacier Water Scent, 3.0 oz (Pack of 3)",0.8
"Organic Perfume: The Complete Beginners Guide & 50 Best Recipes For Making Heavenly, Non-Toxic Organic DIY Perfumes From Your Home! (Aromatherapy, Essential Oils, Homemade Perfume)",0.8055555555555556
PAWFUME Premium Grooming Spray Dog Spray Deodorizer Perfume For Dogs - Dog Cologne Spray Long Lasting Dog Sprays - Dog Perfume Spray Long Lasting After Bath- Dog deodorizing Spray (Lavender),0.87
"PIRETTE Mini Fragrance Oil Roll On, Beach-Inspired, & Long Lasting Perfume Oil with Notes of Fresh Green Coconut, Surf Wax & Sunscreen, Travel Size Perfume for Women, 0.25 fl oz",0.5142857142857142
"Pacifica Island Vanilla Hair Mist Perfume and Full Body Spray for Women - Fragrance Spray for A Mood-Lifting Experience, Paraben-Free, Clean Beauty No Alcohol, Vegan & Cruelty-Free, 6 oz oz",0.75
Perfume,0.7192982456140351
Perfume Atomizer Travel Bottle Refillable: Cologne Sprayer Portable for Men - Mini Spray Empty for Refill - 8ml Small Size Grey,0.7678571428571429
"Perfume Refillable Bottle,4pack Perfume Atomizer Cologne Container Empty Travel Perfume Bottle,Clear Glass Perfume Spray Bottles for Travel Essentials (10ml)",0.75
"Perfume Travel Refillable Bottle, 10ML Genuine Leather Atomizer Sprayer for Perfume - Portable Mini Cologne Sprayer for Woman Man - Travel Essential Fragrance Spray Bottle (Green)",0.8611111111111112
"Perfume Travel Refillable Pocket Perfume Dispenser, Holder and Small Perfumes for Women Travel Size, Refillable Perfume Bottle Cologne Atomizer for Outdoor Activities",0.68
"Perfume Tray Makeup Perfume Organizer Vanity Organizer Decorative Dresser Tray Bathroom Organizer Countertop Bathroom Trays for Counter, Green",0.6
Perfume and Pain: A Novel,0.8421052631578947
Perfume: The Alchemy of Scent,0.6222222222222222
Perfume: The Story of a Murderer,0.88
Perfume: The Story of a Murderer (Vintage International),0.81
Perfumes,0.9354838709677419
Perfumes: The A-Z Guide,0.82
"Pherolec Global COPULINOL Pheromone Perfume for Women - Ultra Potent Pheromone Cologne for Her - Womens Fragrance for Business, Social Events, Date Nights & Gifting - 0.17 Fl. Oz Dropper",0.8571428571428571
"Pheromone Cologne for Men &Women, No. E07, Inspired by Paco-Ra'banne's One M-illion,Sweet-spicy Leather, Amber Note,Travel Size Perfume Oil Spray, 0.34fl., Enhanced Scents Mens Cologne (E07)",0.68
"Pheromone Perfume for Women,Fragrance Pheromone Cologne Attract Men, Long Lasting Women's Perfume, Roller Ball Design, Portable and Fruity",0.83
"Pheromones Perfumes for Women, Amber Vanilla Perfume, Long Lasting Eau De Parfum Cologne, Enhanced Scents Pheromone Perfume for Men&Women, 0.41 fl.oz Travel Size Perfumes Spray (Velvet Opium)",0.79
"Pheromones Perfumes for women,Enhanced Scents,Long Lasting Roll on Oil 0.34 fl.oz (10ml)",0.95
Portable Mini Refillable Perfume Atomizer Bottle Atomizer Travel Size Perfume Spray Bottles 6 Pcs Pack of 5ml,0.5789473684210527
Premium Pheromone Perfume for Women Alluring Fragrance with Pure Pheromones Elegant French Blend Long-Lasting Scent Irresistible Attraction Oil with Jojoba Androstenol Androstenone 10ml,1.0
"Pretty Privates Pheromone Perfume for Women with 10mL Roll-On Oil, Long-Lasting Scent, Enhanced Elegance, Alluring Fragrance Made in USA – Women's Body Oil, Feromonas Perfume Women",0.9444444444444444
Pure Instinct Roll-On (3-Pack) - The Original Pheromone Infused Essential Oil Perfume Cologne - Unisex for Men and Women - TSA Ready,0.6767676767676768
Pure Instinct Roll-On - The Original Pheromone Infused Essential Oil Perfume Cologne - TSA Ready (The Original - Unisex),0.7
"Ralph Lauren - Romance - Eau de Parfum - Women's Perfume - Floral & Woody - With Rose, Jasmine, and Berries - Medium Intensity",0.79
Rasasi Aiyara for Men - 3.38 oz EDP Spray,0.0
"Refillable Perfume Atomizer Travel,5ML Portable Mini Pocket Perfume Atomizer Bottle Spray, Women,Mens Mister Spray Bottle, Travel Cologne Dispenser（8P-multicolour）",1.0
Roll On Pheromone Perfume for Women Fruity and Flirtatious Rollerball Perfume ldeal for Daily Use Women's Perfume (Fruity),0.9310344827586207
"Roll-On Pheromone Perfume for Women, rollerball perfume, travel perfume, clean perfume Long-Lasting Pheromone-Infused Essential Oil - 0.34 fl.oz (10mL)",0.76
"Rotating Makeup Organizer Countertop 3 Tier Lazy Susan Trays Spinning Skincare Perfume Storage for Bathroom Counter Vanity, Black",0.7380952380952381
"Rotating Makeup Organizer, DIY 8 Adjustable Layers Spinning Skincare Organizer, Cosmetic Display Case with Brush Holder Perfume Tray, Multi-Function Storage Carousel for Vanity Bathroom Countertop",0.74
"SINIDE Spray Bottles 30 ml/1 oz, 4 Pack Clear Empty Fine Mist Plastic Mini Travel Bottle Set, Portable Refillable Makeup Sprayer Containers for Perfume, Liquids, Aromatherapy, Small Size",0.78
"SURE, Antiperspirant Deodorant, Solid, Regular, 2.6 oz., (6 Pack)",0.5154639175257731
"Sandalwood Perfume Oil Roll On for Women and Men, Alcohol Free Eau de Parfum,Travel Size Essential Oil Body Fragrance, Long Lasting, Leather Woody Scent, 10 ml",0.59
Shalimar By Guerlain For Women. Body Lotion 6.8 Ounces,0.81
Shea Moisture Deodorant Stick 72h Odor Control Coconut & Hibiscus Fresh Aluminum Free 2.6 oz,0.7758620689655172
Shea Moisture Deodorant Stick for 72h Odor Control Fresh Aluminum Free 2.6 oz,0.7560975609756098
SheaMoisture Antiperspirant Deodorant Stick Fresh Coconut & Hibiscus 2 Count for 48HR Sweat & Odor Protection with No Parabens & No Mineral Oil 2.6 oz,0.8
Sisley Eau Du Soir Eau De Parfum Spray 3oz/ 100 Ml for Women By 3fl Oz,0.6551724137931034
"Stupell Industries Fashioner Perfume Black Gold Textured Watercolor, Design by Artist Amanda Greenwood Wall Art, 13 x 19, Wood Plaque",1.0
"Super Fresh Man Parts Ball Deodorant for Men | POWDER LOTION | Mens Hygiene Cream for Groin, Butt, & Body | Fresh Control Odor, Anti Chafing, Stop Itch, Absorb Sweat | Aluminum Free | 4 oz Tube",0.6
Swiss Arabian Layali Rouge - Luxury Products From Dubai - Long Lasting Personal Perfume Oil Fragrance - A Seductive Signature Aroma - 0.5 Oz,0.85
"TIARA Whole Body All Natural Deodorant for Women, Aluminum Free Deodorant for Men, Safe for Kids Use All Over Body, Paraben Free, No Chemicals Vegan & Non Toxic, Travel Size (Melon & Cucumber)",0.6909090909090909
Tanlade 300 Pcs Mini Spray Bottles Clear Refillable Glass Perfume Bottles Fragrance Scent Sample Perfume Atomizer Glass Empty Travel Sprayer Pocket Dispenser Refillable Container (5ml),0.5
"Tekson Travel Perfume Atomizer Refillable 8ml (5 PCS), Travel Cologne Sprayer Mini, Perfume Bottle Empty Small (5 Colors)",0.85
The Art of Making Perfume: How To Blend Essential Oils For Lasting Fragrances,0.5
The Little Book of Perfumes: The Hundred Classics,0.7037037037037037
"The Natural Deodorant Co, Gentle Deodorant Cream Coconut & Shea 55g, Aluminium Free, Plastic Free, Sensitive Skin",0.5
"The Natural Deodorant Co, Gentle Deodorant Cream Tangerine 55g, Aluminium Free, Plastic Free, Sensitive Skin",0.5
The Perfume Collector: A Novel,0.88
"The Perfume Language: Notes, Codes, Aesthetics",1.0
The Perfume Of The Lady In Black,0.5714285714285714
The Perfume Thief: A Novel,0.8695652173913043
The Potent Perfume (The Lady Mortician's Visions series),1.0
The Scent of a Woman (TV Series),0.84
"Thymes Perfumed Travel Set and Beauty Bag - Contains Body Wash, Body Lotion & Hand Cream - Goldleaf",0.7142857142857143
"Tiramisu Coco for Unisex Eau De Parfum, 3.4 Fl. Oz",0.7857142857142857
Travalo Milano Perfume Atomizer Travel Refill U-Change System TSA Approved Reusable Airtight Easy Fill Mini Pump Sprayer Lightweight Portable Vegan Leather with Polished Metal Outer Shell Black 0.17oz,0.8333333333333334
"Travel Perfume Bottle Refillable – 5ml & 10ml Mini Fine Mist Spray Atomizer, Leak-Proof & Easy Refill, Small Pocket and Purse-Sized, TSA-Approved, for Men and Women (White, 5ml)",0.9
"Travel Perfume Bottle Refillable, 3 PCS 8ml Leak-Proof Travel Perfume Bottle Refillable, Lipstick-Size Perfume Atomizer, Atomizer Sprayer for Aftershave, Toner, Cologne",0.8235294117647058
"Travel Perfume Bottle Refillable, 5ml Perfume Atomizer, Portable Size Cologne Sprayer, Mini Empty Fragrance Spray Bottle (White)",0.9
"Travel Perfume Bottle Refillable,Perfume Travel Refillable Mini Spray Bottles Leather Cologne Dispenser, Portable Empty Perfume Spray Bottle Cologne Dispense Filling Perfume Atomizer 5ml (Golden)",0.8387096774193549
Tree Hut Moroccan Rose Fragrance Mist | Spritz On for a Refreshed Feel or Layer with Your Favorite Scents | Versatile Body Spray | 6 fl oz.,0.6565656565656566
"Uncluttered Designs Large Black Vanity Organizer - Countertop Mens Organizer With Drawers for Cologne, Deodorant, Beard, Shaving Lotion, Perfume & Skincare - Perfect for Bathroom & Bedroom Storage",0.54
"Underarmed Lavender + Eucalyptus Aluminum-Free Deodorant, Coconut + Essential Oils, Baking Soda, Raw Honey & Mineral Salt | Non-GMO Vegan Formula For Women & Men",0.44
"Underarmed Unscented Aluminum-Free Deodorant, Coconut + Essential Oils, Baking Soda, Raw Honey & Mineral Salt | Non-GMO Vegan Formula For Women & Men",0.44
Valentino Donna Born In Roma Intense for Women - 1.7 oz EDP Spray,0.6296296296296297
Valentino Valentino Donna Born In Roma EDP Spray Women 3.4 oz,0.78
"Venom Pheromone Perfume Collection, Phero Perfume, Women Perfume, Verola Perfume for Women, Specially Designed For Women, Portable Perfume Long Lasting Female",0.47368421052631576
"Victoria's Secret Bare Vanilla Body Mist, Spray for Women (8.4 oz)",0.88
"Victoria's Secret Bombshell Eau de Parfum, Notes of Purple Passion Fruit, Shangri-La Peony & Vanilla Orchid, Perfumes for Women (1.7 oz)",0.8282828282828283
"Victoria's Secret Bombshell Mini Fragrance Mist, Notes of Purple Passion Fruit, Shangri-La Peony & Vanilla Orchid, Travel Size Body Spray for Women (2.5 oz)",0.8
"Victoria's Secret Tease Eau de Parfum, Notes of White Gardenia, Anjou Pear & Black Vanilla, Perfumes for Women (1.7 oz)",0.8673469387755102
"Vitality Extracts Hair Envy - Natural Hair Growth Serum - 100% Pure Essential Oils, 15 Plant Extracts, No Synthetics, No Parabens - Strengthen Hair, Minimize Breakage, Stimulate Follicles",0.5353535353535354
"Vitality Extracts Skin Envy - Face Moisturizer Serum, Coconut Oil, Collagen, Vitamin E, Vegan, Frankincense Essential Care, Sandalwood Soothing, Clarifying, Skin Health",0.55
Women Pheromone Perfume - Long-lasting and Addictive Personal Roll-on Pheromone Perfume Oil Fragrance - Cologne for Women to Attract Men (Pack of 2),0.47
Wooden Perfume Organizer Stand for Women 4 Tier White Perfume Display Shelf Holder for Women’s Dresser Vanity Desktop Rack for Fragrance Figures Dessert Cupcakes Decoration,0.75
"YIZHAO Clear Glass Spray Bottles 1oz, with Small Fine Mist Spray, Metal Cap, Refillable for Essential Oil,Travel,Cleaning,Perfume,Aromatherapy,Makeup – 12 Pcs",0.5
"YIZHAO Clear Glass Spray Bottles 1oz, with Small Fine Mist Spray, Metal Cap, Refillable for Essential Oil,Travel,Cleaning,Perfume,Aromatherapy,Makeup – 6 Pcs",0.0
"Yamadura Mini Refillable Perfume Portable Atomizer Bottle Refillable Perfume Spray, Refill Pump Case for Traveling and Outgoing (5ml, 4 Pack) 4",0.75
"Yieach Clear Acrylic Risers Display Stands,3 Tiered Perfume Organizer and Cologne Shelf,Versatile Versatile Table Display for Cupcake,Funko Pop,Collectibles,Figure,Can and Spice Organizer for Cabinet",0.8181818181818182
"Yoolenatu Manual desktop perfume bottle crimping and capping tool machine, perfume bottle crimper,perfume bottle sealing machine (13 mm-15mm)",1.0
Yvonne's Perfume,1.0
"Zalida Wooden Cologne Organizer for Men 4 Tier of Perfume Display Holder of Drawer & 2 Hidden Compartments Larger Storage Space Mens Perfume Organizer Shelf Stand,Gift for Man (4T-Black Wood)",0.7857142857142857
"Zhehao 200 Pcs Mini Spray Bottles Clear Glass Perfume Bottles Refillable Fine Mist Perfume Atomizer Portable Empty Sample Bottles Containers for Cleaning, Essential Oils, Travel (5 ml, 10 ml)",0.75
"kai perfume oil - gardenia wrapped in white exotic flowers. eau de perfume roll-on oil, 1/8 oz., vegan, cruelty free, made in the usa",0.8
natura Kaiak Oceano Eau de Toliette (100ml),0.8888888888888888
